<?xml version="1.0" encoding="UTF-8"?><lom xmlns="http://ltsc.ieee.org/xsd/LOM" xmlns:xsi="http://www.w3.org/2001/XMLSchema-instance" xsi:schemaLocation="http://ltsc.ieee.org/xsd/LOM lom.xsd">  <general>    <identifier>      <catalog>URI</catalog>      <entry>http://vishub.org/excursions/111</entry>    </identifier>    <title>      <string language="en">We Choose the Moon</string>    </title>    <language>en</language>    <description>      <string language="en">3D Animation of the Apollo 11 Mission to the Moon</string>    </description>    <keyword>      <string language="en">Space</string>    </keyword>    <keyword>      <string language="en">Astronauts</string>    </keyword>    <keyword>      <string language="en">Moon</string>    </keyword>    <keyword>      <string language="en">SpaceShips</string>    </keyword>    <keyword>      <string language="en">SpaceFlight</string>    </keyword>    <keyword>      <string language="en">Apollo11</string>    </keyword>    <structure>      <source>LOMv1.0</source>      <value>hierarchical</value>    </structure>    <aggregationLevel>      <source>LOMv1.0</source>      <value>2</value>    </aggregationLevel>  </general>  <lifeCycle>    <version>      <string language="en">v2014.07.10</string>    </version>    <status>      <source>LOMv1.0</source>      <value>final</value>    </status>    <contribute>      <role>        <source>LOMv1.0</source>        <value>author</value>      </role>      <entity>BEGIN:VCARD&amp;#xD;VERSION:3.0&amp;#xD;N:Discover the cosmos&amp;#xD;FN:Discover the cosmos&amp;#xD;END:VCARD</entity>      <date>        <dateTime>2014-07-10</dateTime>        <description>          <string language="en">This date represents the date the author finished the indicated version of the Learning Object.</string>        </description>      </date>    </contribute>    <contribute>      <role>        <source>LOMv1.0</source>        <value>technical implementer</value>      </role>      <entity>BEGIN:VCARD&amp;#xD;VERSION:3.0&amp;#xD;N:Authoring Tool ViSH Editor (http://github.com/ging/vish_editor)&amp;#xD;FN:Authoring Tool ViSH Editor (http://github.com/ging/vish_editor)&amp;#xD;END:VCARD</entity>    </contribute>  </lifeCycle>  <metaMetadata>    <identifier>      <catalog>URI</catalog>      <entry>http://vishub.org/excursions/111/metadata.xml</entry>    </identifier>    <contribute>      <role>        <source>LOMv1.0</source>        <value>creator</value>      </role>      <entity>BEGIN:VCARD&amp;#xD;VERSION:3.0&amp;#xD;N:Discover the cosmos&amp;#xD;FN:Discover the cosmos&amp;#xD;END:VCARD</entity>      <date>        <dateTime>2014-07-10</dateTime>        <description>          <string language="en">This date represents the date the author finished authoring the metadata of the indicated version of the Learning Object.</string>        </description>      </date>    </contribute>    <metadataSchema>LOMv1.0</metadataSchema>    <language>en</language>  </metaMetadata>  <technical>    <format>text/html</format>    <location>http://vishub.org/excursions/111</location>    <requirement>      <orComposite>        <type>          <source>LOMv1.0</source>          <value>browser</value>        </type>        <name>          <source>LOMv1.0</source>          <value>any</value>        </name>      </orComposite>    </requirement>    <installationRemarks>      <string language="en">Unzip the zip file and launch excursion.html in your browser.</string>    </installationRemarks>    <otherPlatformRequirements>      <string language="en">HTML5-compliant web browser.</string>    </otherPlatformRequirements>  </technical>  <educational>    <interactivityType>      <source>LOMv1.0</source>      <value>mixed</value>    </interactivityType>    <learningResourceType>      <source>LOMv1.0</source>      <value>lecture</value>    </learningResourceType>    <learningResourceType>      <source>LOMv1.0</source>      <value>slide</value>    </learningResourceType>    <learningResourceType>      <source>LOMv1.0</source>      <value>narrative text</value>    </learningResourceType>    <interactivityLevel>      <source>LOMv1.0</source>      <value>very high</value>    </interactivityLevel>    <intendedEndUserRole>      <source>LOMv1.0</source>      <value>learner</value>    </intendedEndUserRole>    <context>      <source>LOMv1.0</source>      <value>other</value>    </context>    <language>en</language>  </educational>  <rights>    <cost>      <source>LOMv1.0</source>      <value>no</value>    </cost>    <copyrightAndOtherRestrictions>      <source>LOMv1.0</source>      <value>yes</value>    </copyrightAndOtherRestrictions>    <description>      <string language="en">License: 'Creative Commons Attribution-NonCommercial'. For additional information or questions regarding copyright, distribution and reproduction, visit http://vishub.org/terms_of_use .</string>    </description>  </rights>  <annotation>    <entity>BEGIN:VCARD&amp;#xD;VERSION:3.0&amp;#xD;N:Barbara Kieslinger&amp;#xD;FN:Barbara Kieslinger&amp;#xD;END:VCARD</entity>    <date>      <dateTime>2013-10-25</dateTime>    </date>    <description>      <string>This is a very nice resource with interactive elements. My daughter likes it as well! </string>    </description>  </annotation>  <annotation>    <entity>BEGIN:VCARD&amp;#xD;VERSION:3.0&amp;#xD;N:Barbara Kieslinger&amp;#xD;FN:Barbara Kieslinger&amp;#xD;END:VCARD</entity>    <date>      <dateTime>2014-02-03</dateTime>    </date>    <description>      <string>I showed this excursion in a year 1 class. The kids loved it. They wanted to see the whole journey of the Apollo 11 Mission and did not allow me to skip even one stage! Great resource even for young students. </string>    </description>  </annotation></lom>