<?xml version="1.0" encoding="UTF-8"?><lom xmlns="http://ltsc.ieee.org/xsd/LOM" xmlns:xsi="http://www.w3.org/2001/XMLSchema-instance" xsi:schemaLocation="http://ltsc.ieee.org/xsd/LOM lom.xsd">  <general>    <identifier>      <catalog>URI</catalog>      <entry>http://vishub.org/excursions/1133</entry>    </identifier>    <title>      <string language="en">The origins of Cinema.</string>    </title>    <language>en</language>    <description>      <string language="en">The purpose of this excursion is to make students understand the basic principles of animation and cinema. Through their predecessors, various optical toys, they will understand how  we reached at today's modern cinema. Amusing activities and constructions will make them enter into the spirit and sense of animation.</string>    </description>    <keyword>      <string language="en">ViSHCompetition2013</string>    </keyword>    <keyword>      <string language="en">Physics</string>    </keyword>    <keyword>      <string language="en">Education</string>    </keyword>    <keyword>      <string language="en">Physics</string>    </keyword>    <keyword>      <string language="en">Technology</string>    </keyword>    <structure>      <source>LOMv1.0</source>      <value>hierarchical</value>    </structure>    <aggregationLevel>      <source>LOMv1.0</source>      <value>2</value>    </aggregationLevel>  </general>  <lifeCycle>    <version>      <string language="en">v2014.10.05</string>    </version>    <status>      <source>LOMv1.0</source>      <value>draft</value>    </status>    <contribute>      <role>        <source>LOMv1.0</source>        <value>author</value>      </role>      <entity>BEGIN:VCARD&amp;#xD;VERSION:3.0&amp;#xD;N:ines&amp;#xD;FN:ines&amp;#xD;END:VCARD</entity>      <date>        <dateTime>2014-10-05</dateTime>        <description>          <string language="en">This date represents the date the author finished the indicated version of the Learning Object.</string>        </description>      </date>    </contribute>    <contribute>      <role>        <source>LOMv1.0</source>        <value>technical implementer</value>      </role>      <entity>BEGIN:VCARD&amp;#xD;VERSION:3.0&amp;#xD;N:Authoring Tool ViSH Editor v.0.8.1 (http://github.com/ging/vish_editor)&amp;#xD;FN:Authoring Tool ViSH Editor v.0.8.1 (http://github.com/ging/vish_editor)&amp;#xD;END:VCARD</entity>    </contribute>  </lifeCycle>  <metaMetadata>    <identifier>      <catalog>URI</catalog>      <entry>http://vishub.org/excursions/1133/metadata.xml</entry>    </identifier>    <contribute>      <role>        <source>LOMv1.0</source>        <value>creator</value>      </role>      <entity>BEGIN:VCARD&amp;#xD;VERSION:3.0&amp;#xD;N:ines&amp;#xD;FN:ines&amp;#xD;END:VCARD</entity>      <date>        <dateTime>2014-10-05</dateTime>        <description>          <string language="en">This date represents the date the author finished authoring the metadata of the indicated version of the Learning Object.</string>        </description>      </date>    </contribute>    <metadataSchema>LOMv1.0</metadataSchema>    <language>en</language>  </metaMetadata>  <technical>    <format>text/html</format>    <requirement>      <orComposite>        <type>          <source>LOMv1.0</source>          <value>browser</value>        </type>        <name>          <source>LOMv1.0</source>          <value>any</value>        </name>      </orComposite>    </requirement>    <installationRemarks>      <string language="en">Unzip the zip file and launch excursion.html in your browser.</string>    </installationRemarks>    <otherPlatformRequirements>      <string language="en">HTML5-compliant web browser and ViSH Viewer v.0.8.1 (http://github.com/ging/vish_editor).</string>    </otherPlatformRequirements>  </technical>  <educational>    <interactivityType>      <source>LOMv1.0</source>      <value>mixed</value>    </interactivityType>    <learningResourceType>      <source>LOMv1.0</source>      <value>lecture</value>    </learningResourceType>    <learningResourceType>      <source>LOMv1.0</source>      <value>slide</value>    </learningResourceType>    <learningResourceType>      <source>LOMv1.0</source>      <value>narrative text</value>    </learningResourceType>    <interactivityLevel>      <source>LOMv1.0</source>      <value>very high</value>    </interactivityLevel>    <intendedEndUserRole>      <source>LOMv1.0</source>      <value>learner</value>    </intendedEndUserRole>    <context>      <source>LOMv1.0</source>      <value>other</value>    </context>    <typicalAgeRange>      <string language="en">12 - 18</string>    </typicalAgeRange>    <difficulty>      <source>LOMv1.0</source>      <value>medium</value>    </difficulty>    <typicalLearningTime>      <duration>PT4H</duration>    </typicalLearningTime>    <description>      <string language="en">After this excursion students will:Learn the origins of animation and cinema.Familiarize with old optical toys such as thaumatrope, zoetrope, flip-books etc.Understand the optical phenomenon of retinal persistence as a basic principle of making animated pictures.Try to construct their own optical toys and develop short animated stories.</string>    </description>    <language>en</language>  </educational>  <rights>    <cost>      <source>LOMv1.0</source>      <value>no</value>    </cost>    <copyrightAndOtherRestrictions>      <source>LOMv1.0</source>      <value>yes</value>    </copyrightAndOtherRestrictions>    <description>      <string language="en">License: 'None (All rights reserved)'. For additional information or questions regarding copyright, distribution and reproduction, visit http://vishub.org/terms_of_use .</string>    </description>  </rights></lom>