<?xml version="1.0" encoding="UTF-8"?><lom xmlns="http://ltsc.ieee.org/xsd/LOM" xmlns:xsi="http://www.w3.org/2001/XMLSchema-instance" xsi:schemaLocation="http://ltsc.ieee.org/xsd/LOM lom.xsd">  <general>    <identifier>      <catalog>URI</catalog>      <entry>http://vishub.org/excursions/1165</entry>    </identifier>    <title>      <string language="es">Cómo crear un PLE en compañía de otros...</string>    </title>    <language>es</language>    <description>      <string language="es">Esta excursión se trata de invitarlos para que se integren como docentes con otros docentes invitados y un grupo de alumnos para que construyan un Proyecto Académico, a través del enfoque del denominado Entorno Personal de Aprendizaje (PLE) en combinación con el modelo TPACK para integrar e implementar conocimientos disciplinarios (interdisciplinarios) transversales con los cuales, permita la creación de un conocimiento pedagógico y tecnológico, como herramientas importantes para aprender a aprender de forma colaborativa.</string>    </description>    <keyword>      <string language="es">proyecto</string>    </keyword>    <keyword>      <string language="es">tpack</string>    </keyword>    <keyword>      <string language="es">ple</string>    </keyword>    <keyword>      <string language="es">didáctica</string>    </keyword>    <keyword>      <string language="es">colaboración</string>    </keyword>    <keyword>      <string language="es">aprendizaje</string>    </keyword>    <keyword>      <string language="es">recursos</string>    </keyword>    <keyword>      <string language="es">2.0</string>    </keyword>    <keyword>      <string language="es">Cross Curricular Education</string>    </keyword>    <structure>      <source>LOMv1.0</source>      <value>hierarchical</value>    </structure>    <aggregationLevel>      <source>LOMv1.0</source>      <value>2</value>    </aggregationLevel>  </general>  <lifeCycle>    <version>      <string language="en">v2014.10.21</string>    </version>    <status>      <source>LOMv1.0</source>      <value>draft</value>    </status>    <contribute>      <role>        <source>LOMv1.0</source>        <value>author</value>      </role>      <entity>BEGIN:VCARD&amp;#xD;VERSION:3.0&amp;#xD;N:Roberto Iván Ramírez Avila&amp;#xD;FN:Roberto Iván Ramírez Avila&amp;#xD;END:VCARD</entity>      <date>        <dateTime>2014-10-21</dateTime>        <description>          <string language="en">This date represents the date the author finished the indicated version of the Learning Object.</string>        </description>      </date>    </contribute>    <contribute>      <role>        <source>LOMv1.0</source>        <value>technical implementer</value>      </role>      <entity>BEGIN:VCARD&amp;#xD;VERSION:3.0&amp;#xD;N:Authoring Tool ViSH Editor v.0.8.9 (http://github.com/ging/vish_editor)&amp;#xD;FN:Authoring Tool ViSH Editor v.0.8.9 (http://github.com/ging/vish_editor)&amp;#xD;END:VCARD</entity>    </contribute>  </lifeCycle>  <metaMetadata>    <identifier>      <catalog>URI</catalog>      <entry>http://vishub.org/excursions/1165/metadata.xml</entry>    </identifier>    <contribute>      <role>        <source>LOMv1.0</source>        <value>creator</value>      </role>      <entity>BEGIN:VCARD&amp;#xD;VERSION:3.0&amp;#xD;N:Roberto Iván Ramírez Avila&amp;#xD;FN:Roberto Iván Ramírez Avila&amp;#xD;END:VCARD</entity>      <date>        <dateTime>2014-10-21</dateTime>        <description>          <string language="en">This date represents the date the author finished authoring the metadata of the indicated version of the Learning Object.</string>        </description>      </date>    </contribute>    <metadataSchema>LOMv1.0</metadataSchema>    <language>en</language>  </metaMetadata>  <technical>    <format>text/html</format>    <requirement>      <orComposite>        <type>          <source>LOMv1.0</source>          <value>browser</value>        </type>        <name>          <source>LOMv1.0</source>          <value>any</value>        </name>      </orComposite>    </requirement>    <installationRemarks>      <string language="en">Unzip the zip file and launch excursion.html in your browser.</string>    </installationRemarks>    <otherPlatformRequirements>      <string language="en">HTML5-compliant web browser and ViSH Viewer v.0.8.9 (http://github.com/ging/vish_editor).</string>    </otherPlatformRequirements>  </technical>  <educational>    <interactivityType>      <source>LOMv1.0</source>      <value>mixed</value>    </interactivityType>    <learningResourceType>      <source>LOMv1.0</source>      <value>lecture</value>    </learningResourceType>    <learningResourceType>      <source>LOMv1.0</source>      <value>slide</value>    </learningResourceType>    <interactivityLevel>      <source>LOMv1.0</source>      <value>very high</value>    </interactivityLevel>    <intendedEndUserRole>      <source>LOMv1.0</source>      <value>learner</value>    </intendedEndUserRole>    <context>      <source>LOMv1.0</source>      <value>school</value>    </context>    <typicalAgeRange>      <string language="en">15 - 30</string>    </typicalAgeRange>    <difficulty>      <source>LOMv1.0</source>      <value>medium</value>    </difficulty>    <description>      <string language="es">1. Desarrollar un Proyecto Académico, con base en el uso didáctico de las TIC.2. Conformar equipos interdisciplinarios docentes.3. Elegir un tema transversal con abordaje inteerdisciplinario.4. Formar equipos de trabajo entre docentes y alumnos seleccionados del nivel de educación secundaria.5. Diseñar la planeación didáctica del Proyecto Académico.6. Comprender el enfoque PLE.7. Organizar contenidos, materiales, información y recursos didácticos (2.0).8. Elaborar un blog relacionado con el tema del Proyecto Académico.9. Elaborar un wiki relacionado con el tema del Proyecto.10. Crear un grupo de discusión en Facebook y en Twitter relacionado con el tema del Proyecto Académico11. Informar sobre los avances del Proyecto Académico en el plantel escolar.12. Difundir el Proyecto Académico en las redes sociales señaladas en el punto 11.</string>    </description>    <language>es</language>  </educational>  <rights>    <cost>      <source>LOMv1.0</source>      <value>no</value>    </cost>    <copyrightAndOtherRestrictions>      <source>LOMv1.0</source>      <value>yes</value>    </copyrightAndOtherRestrictions>    <description>      <string language="en">License: 'None (All rights reserved)'. For additional information or questions regarding copyright, distribution and reproduction, visit http://vishub.org/terms_of_use .</string>    </description>  </rights></lom>