<?xml version="1.0" encoding="UTF-8"?><lom xmlns="http://ltsc.ieee.org/xsd/LOM" xmlns:xsi="http://www.w3.org/2001/XMLSchema-instance" xsi:schemaLocation="http://ltsc.ieee.org/xsd/LOM lom.xsd">  <general>    <identifier>      <catalog>URI</catalog>      <entry>http://vishub.org/excursions/1359</entry>    </identifier>    <title>      <string language="es">Tipología de las fortificaciones</string>    </title>    <language>es</language>    <description>      <string language="es">Finalizada la Guerra Civil, Franco decidió la fortificación de la frontera con Francia. Con ese objetivo se iniciaron las obras que, con mayor o menor intensidad, prosiguieron hasta una fecha tan avanzada como 1957. Por su particular emplazamiento el valle del Baztán constituía una posible vía para la hipotética invasión aliada y debido a ello fue de las zonas con mayor densidad de obras defensivas construidas. A continuación estudiaremos los principales tipos de fortificación</string>    </description>    <keyword>      <string language="es">Historia</string>    </keyword>    <keyword>      <string language="es">Navarra</string>    </keyword>    <keyword>      <string language="es">Franquismo</string>    </keyword>    <keyword>      <string language="es">History</string>    </keyword>    <structure>      <source>LOMv1.0</source>      <value>hierarchical</value>    </structure>    <aggregationLevel>      <source>LOMv1.0</source>      <value>2</value>    </aggregationLevel>  </general>  <lifeCycle>    <version>      <string language="en">v2015.01.02</string>    </version>    <status>      <source>LOMv1.0</source>      <value>final</value>    </status>    <contribute>      <role>        <source>LOMv1.0</source>        <value>author</value>      </role>      <entity>BEGIN:VCARD&amp;#xD;VERSION:3.0&amp;#xD;N:Mikel Rodríguez&amp;#xD;FN:Mikel Rodríguez&amp;#xD;END:VCARD</entity>      <date>        <dateTime>2015-01-02</dateTime>        <description>          <string language="en">This date represents the date the author finished the indicated version of the Learning Object.</string>        </description>      </date>    </contribute>    <contribute>      <role>        <source>LOMv1.0</source>        <value>technical implementer</value>      </role>      <entity>BEGIN:VCARD&amp;#xD;VERSION:3.0&amp;#xD;N:Authoring Tool ViSH Editor v.0.9.0 (http://github.com/ging/vish_editor)&amp;#xD;FN:Authoring Tool ViSH Editor v.0.9.0 (http://github.com/ging/vish_editor)&amp;#xD;END:VCARD</entity>    </contribute>  </lifeCycle>  <metaMetadata>    <identifier>      <catalog>URI</catalog>      <entry>http://vishub.org/excursions/1359/metadata.xml</entry>    </identifier>    <contribute>      <role>        <source>LOMv1.0</source>        <value>creator</value>      </role>      <entity>BEGIN:VCARD&amp;#xD;VERSION:3.0&amp;#xD;N:Mikel Rodríguez&amp;#xD;FN:Mikel Rodríguez&amp;#xD;END:VCARD</entity>      <date>        <dateTime>2015-01-02</dateTime>        <description>          <string language="en">This date represents the date the author finished authoring the metadata of the indicated version of the Learning Object.</string>        </description>      </date>    </contribute>    <metadataSchema>LOMv1.0</metadataSchema>    <language>en</language>  </metaMetadata>  <technical>    <format>text/html</format>    <location>http://vishub.org/excursions/1359</location>    <requirement>      <orComposite>        <type>          <source>LOMv1.0</source>          <value>browser</value>        </type>        <name>          <source>LOMv1.0</source>          <value>any</value>        </name>      </orComposite>    </requirement>    <installationRemarks>      <string language="en">Unzip the zip file and launch excursion.html in your browser.</string>    </installationRemarks>    <otherPlatformRequirements>      <string language="en">HTML5-compliant web browser and ViSH Viewer v.0.9.0 (http://github.com/ging/vish_editor).</string>    </otherPlatformRequirements>  </technical>  <educational>    <interactivityType>      <source>LOMv1.0</source>      <value>mixed</value>    </interactivityType>    <learningResourceType>      <source>LOMv1.0</source>      <value>lecture</value>    </learningResourceType>    <learningResourceType>      <source>LOMv1.0</source>      <value>slide</value>    </learningResourceType>    <learningResourceType>      <source>LOMv1.0</source>      <value>narrative text</value>    </learningResourceType>    <interactivityLevel>      <source>LOMv1.0</source>      <value>very high</value>    </interactivityLevel>    <intendedEndUserRole>      <source>LOMv1.0</source>      <value>learner</value>    </intendedEndUserRole>    <context>      <source>LOMv1.0</source>      <value>school</value>    </context>    <typicalAgeRange>      <string language="en">16 - 20</string>    </typicalAgeRange>    <difficulty>      <source>LOMv1.0</source>      <value>medium</value>    </difficulty>    <typicalLearningTime>      <duration>PT20H</duration>    </typicalLearningTime>    <description>      <string language="es">1. Conocer la realidad del valle del Baztan durante el primer franquismo.2. Comprender la táctica militar de la época y visualizar su presencia en la actualidad. 3. Mostrar preocupación por las atrocidades de la represión franquista.4. Creación e interpretación de fuentes iconográficas referidas a esta cuestión.5. Utilización de fuentes arqueológicas referidas a esta cuestión.6. Revalorización del patrimonio cercano como una fuente de enriquecimiento cultural y económico.</string>    </description>    <language>es</language>  </educational>  <rights>    <cost>      <source>LOMv1.0</source>      <value>no</value>    </cost>    <copyrightAndOtherRestrictions>      <source>LOMv1.0</source>      <value>yes</value>    </copyrightAndOtherRestrictions>    <description>      <string language="en">License: 'Creative Commons Attribution-NonCommercial'. For additional information or questions regarding copyright, distribution and reproduction, visit http://vishub.org/terms_of_use .</string>    </description>  </rights></lom>