<?xml version="1.0" encoding="UTF-8"?><lom xmlns="http://ltsc.ieee.org/xsd/LOM" xmlns:xsi="http://www.w3.org/2001/XMLSchema-instance" xsi:schemaLocation="http://ltsc.ieee.org/xsd/LOM lom.xsd">  <general>    <identifier>      <catalog>URI</catalog>      <entry>http://vishub.org/excursions/1369</entry>    </identifier>    <title>      <string language="es">Agromatic </string>    </title>    <language>es</language>    <description>      <string language="es">Agromatic es un proyecto que busca articular las matemáticas a las áreas agropecuarias a través de las TIC. Busca integrar actividades para la creación de una cultura de planeación y diseño del cultivo, de la era, para optimizar los recursos, aprendiendo en contexto.</string>    </description>    <keyword>      <string language="es">agromatic</string>    </keyword>    <keyword>      <string language="es">naranjal</string>    </keyword>    <keyword>      <string language="es">hortalizas</string>    </keyword>    <keyword>      <string language="es">cebolla</string>    </keyword>    <keyword>      <string language="es">cultivar</string>    </keyword>    <keyword>      <string language="es">distancias</string>    </keyword>    <keyword>      <string language="es">plantas</string>    </keyword>    <keyword>      <string language="es">quimbaya</string>    </keyword>    <keyword>      <string language="es">Mathematics</string>    </keyword>    <structure>      <source>LOMv1.0</source>      <value>hierarchical</value>    </structure>    <aggregationLevel>      <source>LOMv1.0</source>      <value>2</value>    </aggregationLevel>  </general>  <lifeCycle>    <version>      <string language="en">v2015.01.07</string>    </version>    <status>      <source>LOMv1.0</source>      <value>draft</value>    </status>    <contribute>      <role>        <source>LOMv1.0</source>        <value>author</value>      </role>      <entity>BEGIN:VCARD&amp;#xD;VERSION:3.0&amp;#xD;N:JOSE NOE SANCHEZ&amp;#xD;FN:JOSE NOE SANCHEZ&amp;#xD;END:VCARD</entity>      <date>        <dateTime>2015-01-07</dateTime>        <description>          <string language="en">This date represents the date the author finished the indicated version of the Learning Object.</string>        </description>      </date>    </contribute>    <contribute>      <role>        <source>LOMv1.0</source>        <value>technical implementer</value>      </role>      <entity>BEGIN:VCARD&amp;#xD;VERSION:3.0&amp;#xD;N:Authoring Tool ViSH Editor v.0.9.0 (http://github.com/ging/vish_editor)&amp;#xD;FN:Authoring Tool ViSH Editor v.0.9.0 (http://github.com/ging/vish_editor)&amp;#xD;END:VCARD</entity>    </contribute>  </lifeCycle>  <metaMetadata>    <identifier>      <catalog>URI</catalog>      <entry>http://vishub.org/excursions/1369/metadata.xml</entry>    </identifier>    <contribute>      <role>        <source>LOMv1.0</source>        <value>creator</value>      </role>      <entity>BEGIN:VCARD&amp;#xD;VERSION:3.0&amp;#xD;N:JOSE NOE SANCHEZ&amp;#xD;FN:JOSE NOE SANCHEZ&amp;#xD;END:VCARD</entity>      <date>        <dateTime>2015-01-07</dateTime>        <description>          <string language="en">This date represents the date the author finished authoring the metadata of the indicated version of the Learning Object.</string>        </description>      </date>    </contribute>    <metadataSchema>LOMv1.0</metadataSchema>    <language>en</language>  </metaMetadata>  <technical>    <format>text/html</format>    <requirement>      <orComposite>        <type>          <source>LOMv1.0</source>          <value>browser</value>        </type>        <name>          <source>LOMv1.0</source>          <value>any</value>        </name>      </orComposite>    </requirement>    <installationRemarks>      <string language="en">Unzip the zip file and launch excursion.html in your browser.</string>    </installationRemarks>    <otherPlatformRequirements>      <string language="en">HTML5-compliant web browser and ViSH Viewer v.0.9.0 (http://github.com/ging/vish_editor).</string>    </otherPlatformRequirements>  </technical>  <educational>    <interactivityType>      <source>LOMv1.0</source>      <value>mixed</value>    </interactivityType>    <learningResourceType>      <source>LOMv1.0</source>      <value>lecture</value>    </learningResourceType>    <learningResourceType>      <source>LOMv1.0</source>      <value>slide</value>    </learningResourceType>    <learningResourceType>      <source>LOMv1.0</source>      <value>narrative text</value>    </learningResourceType>    <interactivityLevel>      <source>LOMv1.0</source>      <value>very high</value>    </interactivityLevel>    <intendedEndUserRole>      <source>LOMv1.0</source>      <value>learner</value>    </intendedEndUserRole>    <context>      <source>LOMv1.0</source>      <value>school</value>    </context>    <typicalAgeRange>      <string language="en">10 - 19</string>    </typicalAgeRange>    <difficulty>      <source>LOMv1.0</source>      <value>medium</value>    </difficulty>    <typicalLearningTime>      <duration>PT4H</duration>    </typicalLearningTime>    <description>      <string language="es">Se pretende con esta excursión que el estudiante conozca y asimile los conceptos matemáticos de diseño de los cultivos de hortalizas en las eras o terrenos dispuestos para los mismos garantizando el espacio adecuado para su crecimiento y nutrición.</string>    </description>    <language>es</language>  </educational>  <rights>    <cost>      <source>LOMv1.0</source>      <value>no</value>    </cost>    <copyrightAndOtherRestrictions>      <source>LOMv1.0</source>      <value>yes</value>    </copyrightAndOtherRestrictions>    <description>      <string language="en">License: 'None (All rights reserved)'. For additional information or questions regarding copyright, distribution and reproduction, visit http://vishub.org/terms_of_use .</string>    </description>  </rights></lom>