<?xml version="1.0" encoding="UTF-8"?><lom xmlns="http://ltsc.ieee.org/xsd/LOM" xmlns:xsi="http://www.w3.org/2001/XMLSchema-instance" xsi:schemaLocation="http://ltsc.ieee.org/xsd/LOM lom.xsd">  <general>    <identifier>      <catalog>URI</catalog>      <entry>http://vishub.org/excursions/1488</entry>    </identifier>    <title>      <string language="es">GENIE, LA NIÑA "SALVAJE"</string>    </title>    <language>es</language>    <description>      <string language="es">En este breve documental se expone la historia de Genie, una niña que había estado en aislamiento durante toda su vida. Además de otras cuestiones, en este vídeo veremos cómo el aislamiento puede afectar a determinadas cuestiones cognitivas en general y, en particular, a la adquisición del lenguaje.Del mismo modo, discutiremos a este respecto la hipótesis del período crítico y las diferentes aproximaciones a la relación pensamiento-lenguaje que hemos visto en el Tema 5.</string>    </description>    <keyword>      <string language="es">Genie</string>    </keyword>    <keyword>      <string language="es">Lenguaje</string>    </keyword>    <keyword>      <string language="es">Chomsky</string>    </keyword>    <keyword>      <string language="es">Education</string>    </keyword>    <structure>      <source>LOMv1.0</source>      <value>hierarchical</value>    </structure>    <aggregationLevel>      <source>LOMv1.0</source>      <value>2</value>    </aggregationLevel>  </general>  <lifeCycle>    <version>      <string language="en">v2015.02.24</string>    </version>    <status>      <source>LOMv1.0</source>      <value>draft</value>    </status>    <contribute>      <role>        <source>LOMv1.0</source>        <value>author</value>      </role>      <entity>BEGIN:VCARD&amp;#xD;VERSION:3.0&amp;#xD;N:Elena Battaner Moro&amp;#xD;FN:Elena Battaner Moro&amp;#xD;END:VCARD</entity>      <date>        <dateTime>2015-02-24</dateTime>        <description>          <string language="en">This date represents the date the author finished the indicated version of the Learning Object.</string>        </description>      </date>    </contribute>    <contribute>      <role>        <source>LOMv1.0</source>        <value>technical implementer</value>      </role>      <entity>BEGIN:VCARD&amp;#xD;VERSION:3.0&amp;#xD;N:Authoring Tool ViSH Editor v.0.9.1 (http://github.com/ging/vish_editor)&amp;#xD;FN:Authoring Tool ViSH Editor v.0.9.1 (http://github.com/ging/vish_editor)&amp;#xD;END:VCARD</entity>    </contribute>  </lifeCycle>  <metaMetadata>    <identifier>      <catalog>URI</catalog>      <entry>http://vishub.org/excursions/1488/metadata.xml</entry>    </identifier>    <contribute>      <role>        <source>LOMv1.0</source>        <value>creator</value>      </role>      <entity>BEGIN:VCARD&amp;#xD;VERSION:3.0&amp;#xD;N:Elena Battaner Moro&amp;#xD;FN:Elena Battaner Moro&amp;#xD;END:VCARD</entity>      <date>        <dateTime>2015-02-24</dateTime>        <description>          <string language="en">This date represents the date the author finished authoring the metadata of the indicated version of the Learning Object.</string>        </description>      </date>    </contribute>    <metadataSchema>LOMv1.0</metadataSchema>    <language>en</language>  </metaMetadata>  <technical>    <format>text/html</format>    <requirement>      <orComposite>        <type>          <source>LOMv1.0</source>          <value>browser</value>        </type>        <name>          <source>LOMv1.0</source>          <value>any</value>        </name>      </orComposite>    </requirement>    <installationRemarks>      <string language="en">Unzip the zip file and launch excursion.html in your browser.</string>    </installationRemarks>    <otherPlatformRequirements>      <string language="en">HTML5-compliant web browser and ViSH Viewer v.0.9.1 (http://github.com/ging/vish_editor).</string>    </otherPlatformRequirements>  </technical>  <educational>    <interactivityType>      <source>LOMv1.0</source>      <value>mixed</value>    </interactivityType>    <learningResourceType>      <source>LOMv1.0</source>      <value>lecture</value>    </learningResourceType>    <learningResourceType>      <source>LOMv1.0</source>      <value>slide</value>    </learningResourceType>    <learningResourceType>      <source>LOMv1.0</source>      <value>narrative text</value>    </learningResourceType>    <interactivityLevel>      <source>LOMv1.0</source>      <value>very high</value>    </interactivityLevel>    <intendedEndUserRole>      <source>LOMv1.0</source>      <value>learner</value>    </intendedEndUserRole>    <context>      <source>LOMv1.0</source>      <value>higher education</value>    </context>    <typicalAgeRange>      <string language="en">18 - 30</string>    </typicalAgeRange>    <difficulty>      <source>LOMv1.0</source>      <value>medium</value>    </difficulty>    <description>      <string language="es">TEMA 5. Repasar los diferentes modelos que explican la relación pensamiento-lenguaje y el lugar de la adquisición del lenguaje en ellos.</string>    </description>    <language>es</language>  </educational>  <rights>    <cost>      <source>LOMv1.0</source>      <value>no</value>    </cost>    <copyrightAndOtherRestrictions>      <source>LOMv1.0</source>      <value>yes</value>    </copyrightAndOtherRestrictions>    <description>      <string language="en">License: 'None (All rights reserved)'. For additional information or questions regarding copyright, distribution and reproduction, visit http://vishub.org/terms_of_use .</string>    </description>  </rights></lom>